{"v": {"mean": 19.19374651317585, "std": 18.637131647187786}, "g": {"mean": 9.255897176476472, "std": 13.29101329113628}}